sku,qb_sku,multiplier
2GIG-FT1-345,2GIG:2GIG-FT1-345,1
2GIG-GB1-345,2GIG:2GIG-GB1-345,1
TP5851-20,3M:TP5851-20,1
DAK-2S,Aiphone:DAK-2S,1
GT-NSP-L,Aiphone:GT-NSP-L,1
GT-SW,Aiphone:GT-SW,1
MCW-S/A,Aiphone:MCW-S/A,1
MCW-S/A-NE,Aiphone:MCW-S/A,1
RY-PA,Aiphone:RY-PA,1
ADC-S2000-T-RB,AlARM.COM:ADC-S2000-T-RB,1
ADC-T2000,AlARM.COM:ADC-T2000,1
ADC-T3000,AlARM.COM:ADC-T3000,1
ADC-V622,AlARM.COM:ADC-V622,1
ADC-V723,AlARM.COM:ADC-V723,1
ADC-VC826,AlARM.COM:ADC-VC826,1
ADC-VDB770,AlARM.COM:ADC-VDB770,1
LA-ADCVC726,AlARM.COM:LA-ADCVC726,1
LA-ADCVC836,AlARM.COM:LA-ADCVC836,1
2020130,Amesco/Potter:2020130,1
QDC-2,Amesco/Potter:QDC-2,1
G5BLK,APC:G5BLK,1
E3-8052,APRILAIR:8052,1
E3-8444,APRILAIR:E3-8444,1
E3-8463,APRILAIR:E3-8463,1
E3-8466,APRILAIR:E3-8466,1
ARG-2001561-4PK,ARGO:ARG-2001561,4
ARG-2001561,ARGO:ARG-2001561,1
29-0480-M,assa abloy:29-0480-M,1
AT10,Atlas:AT10,1
AMP100VS,Audiosource:AMP100VS,1
ATH-M20X,AUDIO-TECHNICA:ATH-M20X,1
ATH-M70X,AUDIO-TECHNICA:ATH-M70X,1
AUG-AK01-M01-G01-CORRECTED,August:AUG-AK01-M01-G01,1
SL03-M03-G03,August:SL03-M03-G03,1
SR-2400,Awid:SR-2400,1
F2CU012BT04-PNK,belkin:F2CU012BT04-PNK,1
75-530,black+decker:75-530,1
T725,Bogen Communcations:T725,1
ND76,bosch audio:ND76-X,1
MR632UAB,BOSS AUDIO:MR632UAB,1
CM-120W-V2,camden:CM-120W-V2,1
B121ADJ,carlon:B121ADJ,1
AEQ110W-1BV,casio:AEQ110W-1BV,1
DW-9052-1VCF,casio:DW-9052-1VCF,1
DW-9052-1VCG,casio:DW-9052-1VCG,1
FX-CG500-L-IH,casio:FX-CG500-L-IH,1
G100-1BV,casio:G100-1BV,1
G100-1BV-B,casio:G100-1BV,1
Coleman:2000036889,Coleman:2000036889,1
3210-08-1-E,cooper-atkins:3210-08-1-E,1
NCDI1000VM,Crown:NCDI1000VM,1
OR1000LCDRM1U,CyberPower:OR1000LCDRM1U,1
A21CG02,Dahua Technology:A211K02,1
A51BJ02,Dahua Technology:A51BJ02,1
DW1623,DEWALT:DW1623,1
DW2024B6,DEWALT:DW2024B6,1
DW4301,DEWALT:DW4301,1
DWDA15PP,DEWALT:DWDA15PP,1
DWE7402DI,DEWALT:DWE7402DI,1
DWHT10035L-2PK,DEWALT:DWHT10035L,2
DWHT10035L,DEWALT:DWHT10035L,1
DWHTGR50,DEWALT:DWHTGR50,1
DWMT81096,DEWALT:DWMT81096,1
DWR16G1M,DEWALT:DWR16G1M,1
DWST08350,DEWALT:DWST08350,1
DWST17804,DEWALT:DWST17804,1
DWST17818,DEWALT:DWST17818,1
FMHT33316S,DEWALT:FMHT33316S,1
DWC-D3263WTIR,Digital Watchdog:DWC-D3263WTIR,1
909SMOW,Dormakaba Usa In:909SMOW,1
K-PROX3,Dormakaba Usa In:K-PROX3,1
DS18:NF1,DS18:NF1,1
13763PP-2PK,DYMO:13763PP,2
EB-DWSHM2PK-01,Ecobee Inc.0:EB-DWSHM2PK-01,1
EB-RSHM2PK-01,Ecobee Inc.0:EB-RSHM2PK-01,1
SCDGM66,Escali:SCDGM66,1
SCDGM66-b,Escali:SCDGM66,1
02G-P3-3733-KR,EVGA:02G-P3-3733-KR,1
100-BR-0600-K1,EVGA:100-BR-0600-K1,1
220-G6-0850-X1,EVGA:220-G6-0850-X1,1
220-GA-0750-X1,EVGA:220-GA-0750-X1,1
220-GA-0850-X1,EVGA:220-GA-0850-X1,1
BG-12,FIRE-LITE:BG-12,1
10055503,FLUKE:10055503,1
26200900,FLUKE:26200900,1
26500090 (MODEL #TS90),FLUKE:26500090 (MODEL #TS90),1
RIBU1C-3pack,Functional Devices:RIBU1C,3
RIBU1C-2pack,Functional Devices:RIBU1C,2
RIBU1C,Functional Devices:RIBU1C,1
ELITE-15 DM i,Furman:ELITE-15 DM i,1
M-8LX,Furman:M-8LX,1
M-8S,Furman:M-8S,1
M-8X2,Furman:M-8X2-X,1
MIW-SURGE-1G,Furman:MIW-SURGE-1G,1
PL-8C,Furman:PL-8C-X,1
PL-PLUS DMC,Furman:PL-PLUS DMC,1
PST-2+6,Furman:PST-2+6,1
PST-8,Furman:PST-8,1
#NAME?,Furman:PST-8,1
GN503FF-b,Gentex:GN503FF,1
125-EBD4701-000,Geovision:125-EBD4701-000,1
GA02081-US,google Lic:GA02081-US,1
GA02085-US,google Lic:GA02085-US,1
JN-T3008US,google Lic:JN-T3008US,1
5000-12/24D-501-630,Hes:5000-12/24D-501-630,1
DS-HD1,Hiksvision:DS-HD1,1
DS-KV8402-IM,Hiksvision:HX-KV8402IM,1
50027997-001/U,Honeywell:50027997-001/U,1
50028044-001/U,Honeywell:50028044-001/U,1
AC112-01/U,Honeywell:AC112-01/U,1
C7089R1013,Honeywell:C7089R1013,1
C7089U1006,Honeywell:C7089U1006,1
C7089U1006/U,Honeywell:C7089U1006,1
C7189R1004-2pack,Honeywell:C7189R1004,2
C7189R1004,Honeywell:C7189R1004,1
C7189R1004/U,Honeywell:C7189R1004,1
C7189U1005-2pack,Honeywell:C7189U1005,2
C7189U1005/U-NE,Honeywell:C7189U1005,1
Q340A1108/U,Honeywell:Q340A1108/U,1
RC840T-120,Honeywell:RC840T-120,1
RC840T-240,Honeywell:RC840T-240,1
RCHT9510WFW2001,Honeywell:RCHT9510WFW2001,1
RCHT9610WFSW2003,Honeywell:RCHT9610WFSW2003,1
REM5000R1001,Honeywell:REM5000R1001,1
RPW201A1001/A,Honeywell:RPW201A1001/A,1
RPW202A1009,Honeywell:RPW202A1009,1
RPW210A1002/A,Honeywell:RPW210A1002/A,1
RPWL200A1008/A,Honeywell:RPWL200A1008/A,1
SK-PULL-DA,Honeywell:SK-PULL-DA,1
TH1100DV1000/U-2pk,Honeywell:TH1100DV1000,2
TH1100DV1000,Honeywell:TH1100DV1000,1
TH1100DV1000/u,Honeywell:TH1100DV1000,1
B075ZMQWMP-TP,Honeywell:TH4110U2005/u,1
TH4110U2005/U,Honeywell:TH4110U2005/u,1
TH5110D1006,Honeywell:TH5110D1006,1
TH611D1005-2PK,Honeywell:TH6110D1005,2
TH6110D1005/U,Honeywell:TH6110D1005,1
TH6110D1005-B,Honeywell:TH6110D1005,1
TH6220WF2006,Honeywell:TH6220WF2006,1
TH6320WF2003/U,Honeywell:TH6320WF2003/U,1
TH8110R1008,Honeywell:TH8110R1008,1
TH8320R1003,Honeywell:TH8320R1003,1
TH8321WF1001-2PK,Honeywell:TH8321WF1001,2
TH8321WF1001,Honeywell:TH8321WF1001,1
TH8321WF1001/U,Honeywell:TH8321WF1001,1
SKU:TH9320WF5003,Honeywell:TH9320WF5003,1
TH9320WF5003,Honeywell:TH9320WF5003,1
TH9320WF5003 - b,Honeywell:TH9320WF5003,1
THM5421R1021/U,Honeywell:THM5421R1021/U,1
THP2400A1027W/U-2PK,Honeywell:THP2400A1027W,2
THP2400A1027W,Honeywell:THP2400A1027W,1
THP9045A1023,Honeywell:THP9045A1023/U,1
THP9045A1023-B,Honeywell:THP9045A1023/U,1
TL7235A1003-2PACK,Honeywell:TL7235A1003/u,2
TL7235A1003/u,Honeywell:TL7235A1003/u,1
TL8230A1003-2PK,Honeywell:TL8230A1003/U,2
TL8230A1003/u,Honeywell:TL8230A1003/U,1
UC36W1006/U,Honeywell:UC36W1006/U,1
9UP91AA#ABA,HP:9UP91AA#ABA,1
31-601,ideal industries:31-601,1
31-601-b,ideal industries:31-601,1
12092,Irwin:12092,1
1903ZR,Irwin:1903ZR,1
3095001,Irwin:3095001,1
3095001-b,Irwin:3095001,1
53545,Irwin:53545,1
53625,Irwin:53625,1
8334,Irwin:8334,1
NCSA1300Z-0-US,jbl:1300Z,1
8124-4PK,jbl:8124-4pk,1
8128-4pk,jbl:8128-4pk,1
NCSM14-U-US,jbl:CSM 14,1
SD-61,Jonard Industries Corporation:SD-61,1
KA-F2-2pk,Kidde:KA-F2,2
KA-F2,Kidde:KA-F2,1
KT-81087001-10pk,kwikset:81087-001,10
KT-81087001-5pk,kwikset:81087-001,5
D151TP,L.H Dottie:D151TP,1
LH-WPI25,L.H Dottie:LH-WPI25,1
LP-2535,Lan Power:LP-2535,1
1772780,Lenox:1772780,1
1772962,Lenox:1772962,1
20350GOLD5C,Lenox:20350GOLD5C,1
20352GOLD100D,Lenox:20352GOLD100D,1
21882AL714060CT,Lenox:21882AL714060CT,1
23930T024HE,Lenox:23930T024HE,1
80716-00E-25pk,Leviton:80716-00E,25
811LM,Lift Master:811LM,1
811LM- 2 pack,Lift Master:811LMX,2
811LM -B,Lift Master:811LMX,1
811LM-a,Lift Master:811LMX,1
O2-811LM,Lift Master:811LMX,1
O2-811LMX,Lift Master:811LMX,1
828LM,Lift Master:828LM,1
841LM,Lift Master:841LM,1
855LM,Lift Master:855LM,1
O2-855LM,Lift Master:855LM,1
877LM,Lift Master:877LM,1
878MAX (877MAX),Lift Master:878MAX,1
880LMW,Lift Master:880LMW,1
O2-880LMW,Lift Master:880LMW,1
883LM,Lift Master:883LM,1
889LM,Lift Master:889LM,1
G78LM-2PK,Lift Master:G78LM,2
G78LM,Lift Master:G78LM,1
G78LM-B,Lift Master:G78LM,1
HUSBZB-1,Linear:HUSBZB-1,1
963290-0403-c,logitech:963290-0403,1
963290-0403-d,logitech:963290-0403,1
DVCL-153P-2-WH,Lutron:DVCL-153P-2-WH,1
DVCL-153P-LA,Lutron:DVCL-153P-LA,1
DVCL-153P-WH,Lutron:DVCL-153P-WH,1
DVCL-153P-WH-3pk,Lutron:DVCL-153P-WH-3pk,1
L-BDGPRO2-WH,Lutron:L-BDGPRO2-WH,1
LUT-MLC,Lutron:LUT-MLC,1
MACL-153M-LA,Lutron:MACL-153M-LA,1
MACL-153M-WH,Lutron:MACL-153M-WH,1
P-BDGPRO-PKG1W,Lutron:P-BDGPRO-PKG1W,1
PD-10NXD-WH-kit,Lutron:PD-10NXD-WH,1
PD-5WS-DV-WH-b,Lutron:PD-5WS-DV-WH,1
PD-6WCL-LA-4pk,Lutron:PD-6WCL-LA,4
PD-6WCL-LA,Lutron:PD-6WCL-LA,1
PD-6WCL-WH-6pk-NE,Lutron:PD-6WCL-WH,6
PD-6WCL-WH-4pk,Lutron:PD-6WCL-WH,4
XAP-1440,LuXUL:XAP-1440,1
XGS-1008,LuXUL:XGS-1008,1
XWR-1200,LuXUL:XWR-1200,1
X210200,MEGUIAR'S:X210200,1
86075-12,Melnor:86075-12,1
TPM2SPI-SINGLE,MSI:TPM2SPI,1
GEM-PIRPET,NAP:GEM-PIRPET,1
VCS100K,Niles:VCS100K,1
CF367,NUTONE:CF367,1
CI358W,NUTONE:CI358W,1
NT-CI358W,NUTONE:CI358W,1
PP5501,NUTONE:PP5501,1
PP6501,NUTONE:PP6501,1
BP7100,Omron:BP7100,1
TM1110,On Q / Legrand:TM1110,1
M4-EX,PANAMAX:M4-EX,1
M8-AV-PRO,PANAMAX:M8-AV-PRO,1
WES9013PC,Panasonic:WES9013PC,1
692-500-US,Paxton:692-500-US,1
695-644-US,Paxton:695-644-US,1
B08L9TJHFN,Playa:PO0010ZZ,1
PW0004btC2,Playa:PW0004BTC2,1
X002VMIP53,Playa:PW0004BTC2,1
QS-1310-P01,QOL:QS-1310-P01,1
QS7121-840,QOL:QS7121-840,1
8ZULW-C,Rachio:8ZULW-C,1
XRMAG30SBM,Rapala:XRMAG30SBM,1
1321-1,Resideo:1321-1,1
39350,Resideo:39350,1
5140MPS-2-2PK,Resideo:5140MPS-2,2
5800co,Resideo:5800CO,1
5800FLOOD,Resideo:5800FLOOD,1
5853,Resideo:5853,1
6290W,Resideo:6290W,1
DBCAM-TRIM,Resideo:DBCAM-TRIM2,1
DBCAM-TRIMBR,Resideo:DBCAM-TRIMBR2,1
DBCAM-TRIMBR2,Resideo:DBCAM-TRIMBR2,1
K0991,Resideo:K0991,1
K4563V1,Resideo:K4563V1,1
LCP500-24B,Resideo:LCP500-24B,1
X002OGTPW3,Resideo:LCP500-24B,1
LCP500-4B-FBA,Resideo:LCP500-4B,1
LTEM-XV,Resideo:LTEM-XV,1
LTE-XA,Resideo:LTE-XA,1
LTE-XV,Resideo:LTE-XV,1
SIXPIR,Resideo:SIXPIR,1
TUXEDOWC,Resideo:TUXEDOWC,1
WAVE2F,Resideo:WAVE2F,1
Z5SWPIO,Resideo:Z5SWPIO,1
202213,Rigid:202213,1
20641,Rigid:20641,1
90133,Rigid:90133,1
13025,Royal:013025,1
2000-534591,Russound:2000-534591,1
BTA-2,Russound:BTA-2,1
F22T454FQN,Samsung:F22T454FQN,1
F24T454FQN,Samsung:F24T454FQN,1
SDSDUNB-016G-GN3IN-5PK,SanDisk:SDSDUNB-016G-GN3IN,5
ELM701-B1,Sanus:ELM701-B1,1
LL11-B1,Sanus:LL11-B1,1
SA405-B1,Sanus:SA405-B1,1
SASP1-B1,Sanus:SASP1-B1,1
VLF613-B1,Sanus:VLF613-B1,1
VLF628-B1,Sanus:VLF628-B1,1
VLT5-B1,Sanus:VLT5-B1,1
VMF620-B1,Sanus:VMF620-B1,1
VMPL50AB1,Sanus:VMPL50AB1,1
VMT5-B1,Sanus:VMT5-B1,1
VP1-B1,Sanus:VP1-B1,1
VXT7-B2,Sanus:VXT7-B2,1
WSIWP1-W1,Sanus:WSIWP1-W1,1
WSIWPSB1-W1,Sanus:WSIWPSB1-W1,1
WSS51-W1,Sanus:WSS51-W1,1
WSSA2-B1,Sanus:WSSA2-B1,1
WSSBM1-B2,Sanus:WSSBM1-B2,1
WSSCAM1-B2,Sanus:WSSCAM1-B2,1
WSSMM1-B2,Sanus:WSSMM1-B2,1
WSWM21-B1,Sanus:WSWM21-B1,1
WSWM21-W1,Sanus:WSWM21-W1,1
WSWM22-B1,Sanus:WSWM22-B1,1
WSWM22-W1,Sanus:WSWM22-W1,1
DH-151SQ,"Seco-larm,usa Inc.:DH-151SQ",1
DH-171SQ,"Seco-larm,usa Inc.:DH-171SQ",1
EV-Y5105-N2SQ,"Seco-larm,usa Inc.:EV-Y5105-N2SQ",1
SK-910RBQ,"Seco-larm,usa Inc.:SK-910RBQ",1
SK-919T1-GBQ,"Seco-larm,usa Inc.:SK-919T1-GBQ",1
SL-126Q/B,"Seco-larm,usa Inc.:SL-126Q/B",1
SM-4201-LQ,"Seco-larm,usa Inc.:SM-4201-LQ",1
SM-4601-L3Q,"Seco-larm,usa Inc.:SM-4601-L3Q",1
SS-090KN-1,"Seco-larm,usa Inc.:SS-090KN-1",1
MV88,Shure:MV88,1
SUPER 55,Shure:SUPER 55,1
Sika:769,Sika:769,1
S45-S01YL,Simply 45:S45-S01YL,1
16950,SMART:016950,1
AMPG1US1BLK,SONOS:AMPG1US1BLK,1
ARCG1US1,SONOS:ARCG1US1,1
ARCG1US1BLK,SONOS:ARCG1US1BLK,1
ARCWMWW1BLK,SONOS:ARCWMWW1BLK,1
BEAM2US1,SONOS:BEAM2US1,1
BEAM2US1B,SONOS:BEAM2US1B,1
BM1WMWW1,SONOS:BM1WMWW1,1
BM1WMWW1BLK,SONOS:BM1WMWW1BLK,1
BOOSTUS1,SONOS:BOOSTUS1,1
FIVE1US1BLK,SONOS:FIVE1US1BLK,1
INCLGWW1,SONOS:INCLGWW1,1
INWLLWW1,SONOS:INWLLWW1,1
MOVE1US1,SONOS:MOVE1US1,1
MOVE1US1BLK,SONOS:MOVE1US1BLK,1
ONEG2US1-NE,SONOS:ONEG2US1,1
ONEG2US1BLK,SONOS:ONEG2US1BLK,1
ONESLUS1,SONOS:ONESLUS1,1
ONESLUS1BLK-2pack,SONOS:ONESLUS1BLK,2
ONESLUS1BLK,SONOS:ONESLUS1BLK,1
OUTDRWW1,SONOS:OUTDRWW1,1
PORT1US1BLK,SONOS:PORT1US1BLK,1
ROAM1US1-2pack,SONOS:ROAM1US1,2
ROAM1US1BLK,SONOS:ROAM1US1BLK,1
SUBG3US1,SONOS:SUBG3US1,1
SUBG3US1BLK,SONOS:SUBG3US1BLK,1
211566803-2pk,SONY:211566803,2
61-MDR7506,SONY:MDR-7506,1
MDR7506,SONY:MDR-7506,1
MDR-7506,SONY:MDR-7506,1
600,Southwire:0600,1
O4T7,Speco Technologies:O4T7,1
014725R,Stanley:014725R,1
014725R-B,Stanley:014725R,1
10-550M,Stanley:10-550M,1
10-788-6pk,Stanley:10-788,6
10-788,Stanley:10-788,1
10-788-new,Stanley:10-788,1
12-137,Stanley:12-137,1
12-220,Stanley:12-220,1
12-504,Stanley:12-504,1
21-115,Stanley:21-115,1
33-716-6pk,Stanley:33-716,6
33-716,Stanley:33-716,1
33-725-4PK,Stanley:33-725,4
33-725-4pk asin,Stanley:33-725,4
33-725,Stanley:33-725,1
Stanley:33-725,Stanley:33-725,1
39-130,Stanley:39-130,1
58-230,Stanley:58-230,1
66-052,Stanley:66-052,1
68-012,Stanley:68-012,1
69-189,Stanley:69-189,1
DCB230,Stanley:DCB230,1
DCL043,Stanley:DCL043,1
FMHT16579,Stanley:FMHT16579,1
STHT71839,Stanley:STHT71839,1
SWKBN625S,Stanley:SWKBN625S,1
TR45,Stanley:TR45,1
TRA206T,Stanley:TRA206T,1
TRA700BN,Stanley:TRA700BN,1
TRA700BN35,Stanley:TRA700BN35,1
TRA705T,Stanley:TRA705T,1
TRA706T-2pk,Stanley:TRA706T,2
TRA706T,Stanley:TRA706T,1
TRA708T-5PK,Stanley:TRA708T,5
TRA708T-4pk,Stanley:TRA708T,4
TRA708T-3PK,Stanley:TRA708T,3
TRA708T-2PK,Stanley:TRA708T,2
TRA708T,Stanley:TRA708T,1
TRA708T-B,Stanley:TRA708T,1
TRA709T-2pk,Stanley:TRA709T,2
TRA709T,Stanley:TRA709T,1
SC-001-02,SureCall:SC-001-02,1
SC-FUSION2GO3,SureCall:SC-FUSION2GO3,1
SC-POLYH-72-YP-KIT,SureCall:SC-POLYH-72-YP-KIT,1
SRL,System Sensor:SRL,1
SWL,System Sensor:SWL,1
ACA951USZ,TARGUS:ACA951USZ,1
THZ61202GL,TARGUS:THZ61202GL,1
CD-RW900MKII,Tascam:CD-RW900MKII,1
DR-05X,Tascam:DR-05X,1
DR-07X,Tascam:DR-07X,1
DR-40X,Tascam:DR-40X,1
IIBAPRO/TBL/1L1,Texas INstruments:IIBAPRO/TBL/1L1,1
TS256MCF80,Transcend:TS256MCF80,1
IU-8073,Triplett Test Equipment &Tools:8073,1
MM350,Triplett Test Equipment &Tools:MM350,1
IM-1250F1,ultratech:UT-1250-F1,1
UT-1250-F1,ultratech:UT-1250-F1,1
IM-1272F1,ultratech:UT-1272-F1,1
UT-1272-F1,ultratech:UT-1272-F1,1
MX-780,Universal Remote:MX-780,1
MX990,Universal Remote:MX990,1
120815X,vanco:120815X,1
0E-DC4811,W BOX:0E-DC4811,1
210-648,wago:210-648,1
210-658,wago:210-658,1
210-719,wago:210-719,1
210-720,wago:210-720,1
210-722,wago:210-722,1
221-412/996-010,wago:221-412/996-010,1
221-412/K194-4045,wago:221-412/K194-4045,1
221-413/996-010,wago:221-413/996-010,1
221-413-2pk (2x50=100),wago:221-413/K194-4045,2
221-413/K194-4045,wago:221-413/K194-4045,1
221-413/VE00-2500,wago:221-413/VE00-2500,1
221-415/996-010,wago:221-415/996-010,1
221-415-2pk (25/bx*2bx),wago:221-415/K194-4045,2
221-415/K194-4045,wago:221-415/K194-4045,1
221-415-B,wago:221-415/K194-4045,1
221-415/VE00-1000,wago:221-415/VE00-1000,1
221-612/K194-4045,wago:221-612/K194-4045,1
221-613/K194-4045,wago:221-613/K194-4045,1
221-615/K194-4045,wago:221-615/K194-4045,1
222-412-2pk (50x2=100),wago:222-412/K194-4045,2
222-412/K194-4045,wago:222-412/K194-4045,1
773-104/VE00-0500,wago:773-104/VE00-0500,1
MIC 014-R,William sound:MIC 014-R,1
PPA R37,William sound:PPA R37,1
PPA R37N,William sound:PPA R37N,1
NKL 001,WilliamsAV:NKL 001,1
470145,Wilson:470145,1
KG58248SN,X-Acto:KG58248SN,1
X3202,X-Acto:X3202,1
DL85K,Xantech/The Avc Group:DL85K,1
AUG-AC02,Yale:AUG-AC02,1
NP4-12-2pk,YUASA:NP4-12,2
NP4-12,YUASA:NP4-12,1
NP7-12-2pk,YUASA:NP7-12,
2TH8321WF1001-x,13,1.0
NP7-12,2222,1.0
amzn.gr.O2-811LM-uby4dg182b7cg,321321321,1.0
DWMT81097,54128,2